Id-plot,Location,Treatment,Longitude,Latitude,Elevation,Inclination,Bearing,Richness,Abundance,Density,D_Shannon,D_Simpson,S_Evenness,Canopy_cover,N_M_Trees_adult,N_M_Eedulis_adult,FRic,FEve,FDiv,FDis,Rao,leaf_thickness,seed_mass,leaf_area,sla,seed_length,carbon_nitro,leaf_damage,ME,MI,PAT,MIN,GAL,Ed_seeds_available,Ed_seeds_preyed,Ed_predation_efforts_hours,BM_mammals_efforts_hours,BM_small_g,BM_Medium_Large_g,BM_TOTAL_g,SMALL_trampling_day,Medium_Large_trampling_day,total_trampling_day,GHG_Rep,GHG_CH4,GHG_CO2,GHG_N2O,pH_H2O,pH_CaCl2,SB,CTC,V,m,P,K,Ca,Mg,Al,H_Al,MO ,AT,Silte,Argila,Texture
CBO_p01o,CBO,open,-47.993563,-24.067067,728.286133,22,57,36,87,9.666666667,2.748295625,0.858725762,0.196623094,67.39,20,0,2.40E-05,0.748210406,0.614431503,0.047180413,0.003904673,0.224037131,758.314906,10360.87226,8623.69403,12.61669892,14.66808101,3,1,1,1,1,0,20,0,720,420,7.259116128,7.259116128,9.605822482,3.727413118,3.727413118,6.052761212,NA,NA,NA,NA,47,39,8,138,58,8298,54,0,5,3,39,13,947,204,332,464,arg
CBO_p01c,CBO,closed,-47.993587,-24.067012,730.712769,31,59,36,133,14.77777778,3.249117863,0.947284978,0.526942356,72.22,26,0,0.010327606,0.827017315,0.499009868,0.059010889,0.008968879,1.285876598,985.3324529,17068.76375,13233.96747,10.29671697,13.82951781,2,1,1,1,0,0,20,0,720,1008,5.802118375,5.802118375,5.942799375,2.076887262,2.076887262,2.241577745,NA,NA,NA,NA,46,38,14,145,97,7308,43,0,6,8,38,131,835,124,414,462,arg
CBO_p02o,CBO,open,-47.992218,-24.067741,739.851257,45,36,20,64,7.111111111,2.186019241,0.764060357,0.211918605,66.94,20,3,0.00041565,0.845336652,0.504156063,0.05347222,0.004817344,0.205706203,1299.917713,12923.09204,18.08662815,17.25440222,15.59480583,2,1,1,1,0,0,20,0,720,1032,3.433987204,13.79022454,14.09181642,0.619039208,9.858464255,10.22188088,NA,NA,NA,NA,45,37,15,143,105,7414,57,10,8,7,43,128,70,304,327,369,arg
CBO_p02c,CBO,closed,-47.992151,-24.067649,743.490845,42,27,20,54,6,2.479358629,0.872558594,0.392337165,65.92,21,4,0.112768085,0.886130412,0.646422182,0.068933438,0.011303054,2.295433054,1267.687535,7885.036866,9023.382742,14.69317517,14.36384605,2,1,1,1,0,0,20,0,720,1032,3.433987204,3.433987204,6.621405652,0.619039208,0.619039208,3.110335656,NA,NA,NA,NA,41,35,2,187,107,697,105,15,13,7,46,167,1059,277,330,393,arg
CBO_p04o,CBO,open,-47.990493,-24.066214,826.624512,25,130,22,59,6.555555556,2.859010553,0.930785124,0.656716418,64.56,36,0,1.48E-05,0.797203729,0.602811124,0.07428387,0.005454926,0.211199944,3257.846455,11776.33416,9520.869699,12.17784903,17.292902,1,0,0,1,0,0,20,1,720,948,6.587550015,6.054439346,11.46285248,2.92327491,2.491581731,7.641306343,NA,NA,NA,NA,37,31,7,152,46,8704,44,9,3,4,47,145,896,481,261,258,md-arg
CBO_p04c,CBO,closed,-47.990394,-24.066304,823.626648,34,148,29,44,4.888888889,3.108946826,0.942832519,0.603188356,67.88,29,0,0.004902989,0.797457102,0.73329546,0.108949046,0.018531679,0.183099299,2573.535396,11117.50524,36276.35858,16.52790832,16.59894289,1,1,0,0,0,0,20,19,720,96,0,0,8.294299609,0,0,6.216606101,NA,NA,NA,NA,38,31,14,246,57,8133,39,55,5,8,61,232,1589,244,462,294,md-arg
CBO_p05o,CBO,open,-47.989345,-24.065651,772.302551,16,213,20,68,7.555555556,2.760705867,0.920379839,0.627981651,77.31,14,0,4.45E-07,0.847755454,0.590458525,0.015163204,0.000277407,0.209230429,823.0207308,8569.908018,16.83108942,8.317339954,12.57164416,3,1,1,1,0,0,20,1,720,1080,6.803505258,11.23718514,11.41868072,2.871679625,7.248899126,7.44318137,NA,NA,NA,NA,41,34,14,122,115,6889,73,0,1,4,31,108,70,247,475,278,md-arg
CBO_p05c,CBO,closed,-47.989469,-24.065634,771.00354,18,37,27,37,4.111111111,2.630663075,0.844723183,0.238522645,72.43,17,0,0.000748881,0.848183886,0.531047477,0.03955584,0.00402638,1.65447476,725.1969428,10258.56453,17.5083411,12.4404383,12.09391582,2,1,1,0,0,0,20,0,720,432,3.433987204,3.433987204,5.049856007,0.606135804,0.606135804,1.66875449,NA,NA,NA,NA,42,35,11,129,85,78,47,26,7,3,39,118,526,262,483,255,md-arg
CBO_p06o,CBO,open,-47.987841,-24.064103,807.0578,18,151,36,58,6.444444444,3.239680837,0.94951642,0.550233918,70.09,23,0,0.004598913,0.739370555,0.610026373,0.115136488,0.0155474,1.147526717,664.2765955,10851.50802,38938.70543,10.56344223,14.95491791,2,1,1,1,0,0,20,20,720,1008,5.017279837,5.017279837,11.16699262,1.357023979,1.357023979,7.321965689,NA,NA,NA,NA,37,31,5,171,29,9231,35,0,3,2,6,166,1095,183,471,346,md-arg
CBO_p06c,CBO,closed,-47.987782,-24.064063,805.889343,11,136,22,97,10.77777778,2.579433312,0.875743163,0.365811222,70.62,20,2,0.002542881,0.69674211,0.819920189,0.081344509,0.011077137,0.258806125,370.6167584,6269.900728,11751.76482,11.16122912,14.73641413,2,1,1,1,0,0,20,20,720,1020,5.017279837,5.017279837,5.442417711,1.342914065,1.342914065,1.675154984,NA,NA,NA,NA,36,3,7,219,32,8939,43,31,3,3,59,212,1168,219,443,338,md-arg
CBO_p09o,CBO,open,-47.98609,-24.071048,727.443481,3,118,23,75,8.333333333,2.821442903,0.915,0.511508951,69.88,20,0,5.76E-05,0.74719745,0.50043176,0.058148126,0.004382563,0.212611757,1287.520399,17123.87883,17.55008263,18.8901123,15.59632542,2,1,1,0,0,0,20,16,720,1044,7.365812837,5.198497031,12.1782697,3.651082563,1.510592078,8.258823259,NA,NA,NA,NA,43,37,9,143,63,85,59,7,5,4,51,134,761,274,393,333,md-arg
CBO_p09c,CBO,closed,-47.986205,-24.071008,727.91449,8,779,27,40,4.444444444,2.886550466,0.919466667,0.459896983,70.62,22,1,0.003095633,0.72450716,0.404901547,0.055599188,0.008084979,2.429458109,324.7608919,19999.217,10845.43844,12.78930164,12.23572913,2,1,1,0,0,0,20,20,720,936,6.814542897,6.56667243,6.985641818,3.245811371,3.002061409,3.414599238,NA,NA,NA,NA,45,38,16,121,132,6735,79,0,11,5,33,105,681,300,365,334,md-arg
CBO_p11o,CBO,open,-47.985698,-24.062906,804.268616,16,149,35,80,8.888888889,2.958985857,0.908328826,0.311672988,64.4,21,1,1.56E-05,0.733170094,0.641893516,0.096433422,0.013425496,2.997748072,783.8658248,6118.769457,12263.05297,14.74173672,17.2710035,2,0,1,1,0,0,20,0,720,1068,7.842278779,14.98689178,15.00507689,4.048471138,11.08181916,11.09943487,NA,NA,NA,NA,4,33,5,152,33,8958,29,1,3,2,43,147,998,507,236,257,md-arg
CBO_p11c,CBO,closed,-47.985811,-24.062904,802.03241,15,122,30,86,9.555555556,2.707770263,0.8734375,0.263374486,61.18,24,3,0.270511371,0.825330811,0.627480523,0.071266929,0.010677928,1.580671707,1104.294188,9148.924473,8816.676463,14.92248688,14.60275598,2,1,1,1,0,0,20,0,720,1068,7.504391559,4.753590191,7.557994959,3.89740525,1.412962608,3.950803833,NA,NA,NA,NA,39,33,6,136,44,8537,73,0,3,3,35,13,924,582,185,232,md-ar
CBO_p12o,CBO,open,-47.986058,-24.064589,746.259644,35,274,22,81,9,1.711271186,0.614442344,0.117892991,71.97,21,0,0.000190473,0.91667801,0.599738298,0.090784474,0.012747768,3.081018203,484.8236528,11484.25489,24453.48053,12.32725692,15.24686038,2,1,1,0,0,0,20,0,720,732,6.698268054,6.698268054,10.9301741,3.183988566,3.183988566,7.657428195,NA,NA,NA,NA,45,4,14,137,102,6818,78,0,9,5,3,123,786,255,323,422,arg
CBO_p12c,CBO,closed,-47.986035,-24.06442,747.127075,25,265,12,115,12.77777778,1.233776387,0.503581771,0.167869205,73.2,28,3,3.19E-05,0.743795413,0.749112476,0.040096036,0.002825696,1.772388704,55.75634073,10960.16291,12.55941443,9.716071454,12.04862965,2,2,1,0,0,0,20,0,720,1044,7.01301579,7.01301579,7.155786546,3.162162463,3.162162463,3.299733169,NA,NA,NA,NA,43,37,1,76,132,7917,43,0,6,4,38,66,427,279,435,285,md-arg
CBO_p14o,CBO,open,-47.983904,-24.062175,745.258972,15,275,24,84,9.333333333,2.525475576,0.86410418,0.306607419,68.66,9,3,5.19E-05,0.875831868,0.522295731,0.038721258,0.003756946,1.464823038,300.9711403,10565.37476,16.68031108,14.35616306,13.3284929,2,1,1,0,0,0,20,0,720,1056,6.523562306,12.6131398,13.33596717,2.884495728,9.002341691,9.602132568,NA,NA,NA,NA,45,38,1,8,125,7619,41,0,7,3,32,7,421,225,447,329,md-arg
CBO_p14c,CBO,closed,-47.984013,-24.06219,748.46936,9,277,27,69,7.666666667,2.738752966,0.891439909,0.341166232,73.34,20,4,0.002012346,0.747561647,0.591918971,0.077726343,0.01069999,1.898500241,721.5829197,9436.720466,19.87019208,16.17847973,14.52680455,2,1,1,0,0,0,20,1,720,1044,6.722629795,6.722629795,7.123672785,2.879805622,2.879805622,3.35868477,NA,NA,NA,NA,46,38,14,134,104,5758,57,0,9,5,19,12,729,267,307,426,arg
CBO_p15o,CBO,open,-47.982107,-24.061303,747.095642,26,315,24,84,9.333333333,2.531038657,0.869502105,0.319289952,63.57,23,2,0.011848325,0.643842234,0.521421243,0.068734881,0.007628611,1.891603045,611.1873349,10164.40864,20.09424222,19.70708711,16.31469228,3,1,1,1,0,0,20,0,720,1056,7.230563153,14.31712247,14.33765053,3.417961221,10.38540272,10.41358663,NA,NA,NA,NA,43,36,9,118,76,6538,69,0,6,3,17,109,661,179,474,347,md-arg
CBO_p15c,CBO,closed,-47.982419,-24.061552,745.314453,1,54,25,83,9.222222222,2.677668671,0.903628118,0.415058824,71.24,22,10,0.001352992,0.777098859,0.636608666,0.059231207,0.004758444,0.237414489,1392.824996,13935.11445,17.73828479,17.24051319,14.63024175,1,1,0,0,0,0,20,0,720,444,4.510859507,4.510859507,4.663439094,1.233269174,1.233269174,1.344909145,NA,NA,NA,NA,42,34,11,95,116,7556,69,0,8,3,34,84,591,181,470,350,arg
CAR_p01o,CAR,open,-47.927781,-25.094767,28.525818,1,209,21,86,9.555555556,2.46754556,0.865205341,0.353271028,69.22,25,5,9.59E-07,0.665951882,0.664358508,0.007240999,0.000123173,0.252727376,387.7175445,8825.735222,20.98309218,13.61753082,11.81074945,1,1,0,1,0,0,20,1,720,672,4.795790546,10.59965517,10.78920223,1.402748633,6.872298822,7.077778665,2,-0.225,199.2396667,0.76,45,39,2,7,286,2857,149,32,13,6,8,5,417,889,36,75,ar
CAR_p01c,CAR,closed,-47.927811,-25.09477,30.15032,1,266,28,63,7,2.491687842,0.838561385,0.221225173,69.69,22,2,0.000587314,0.965510683,0.721480842,0.067030429,0.004130002,0.217892558,642.21171,7491.098082,36.23250341,16.91753793,16.03547534,2,1,0,1,0,0,20,2,720,680,0,0,4.900324273,0,0,4.136672668,2,-0.293,213.704,3.281333333,42,38,18,68,265,3333,122,5,12,6,9,5,411,872,53,76,ar
CAR_p02o,CAR,open,-47.925272,-25.095338,20.689249,1,266,39,171,19,2.936439165,0.908102886,0.279018835,80.54,40,12,0.051737458,0.704582817,0.669689899,0.098841825,0.01547251,5.274263756,1825.32682,10797.48331,18218.55853,9.382955746,13.80761927,2,1,0,1,0,0,20,0,720,664,6.387440329,11.41414694,11.50339015,2.751185226,7.803064884,7.892078421,2,-0.100333333,163.8353333,5.442666667,45,39,12,62,194,4783,164,20,6,5,11,5,398,902,23,75,ar
CAR_p02c,CAR,closed,-47.925504,-25.095345,22.185171,2,303,40,182,20.22222222,2.691200539,0.834239595,0.150820095,80.5,31,1,0.116978257,0.820879309,0.730603196,0.093105759,0.02314506,0.22627942,598.1675273,25719.44276,22470.16244,13.06366158,12.71206421,2,1,0,0,0,0,20,5,720,544,5.87023809,5.87023809,6.010449847,2.5090486,2.5090486,2.640032484,2,-0.389,205.2456667,2.54,43,38,9,51,176,50,155,2,5,4,9,42,311,931,19,50,ar
CAR_p03o,CAR,open,-47.924067,-25.095521,11.745375,7,150,25,93,10.33333333,2.816304214,0.911522634,0.452093023,79.01,15,2,3.48E-05,0.851604869,0.715564279,0.06528704,0.005220262,0.176063894,1266.716325,12696.74344,20.24612326,16.78033687,16.99228029,3,1,0,2,0,0,20,11,720,664,7.891455407,13.82810524,13.88908408,4.192173852,10.15518808,10.20759961,2,-0.083666667,298.1643333,2.414,48,42,23,71,324,3235,115,19,15,8,11,48,725,532,263,206,md-ar
CAR_p03c,CAR,closed,-47.924126,-25.095439,17.124147,3,255,29,54,6,2.759285498,0.896288588,0.332487602,76.31,15,0,0.006172784,0.775458322,0.630342507,0.106487372,0.02588948,0.839300072,526.4541596,33051.23217,40145.94215,13.69912326,13.5187657,1,1,0,0,0,0,20,2,720,816,8.314097335,8.314097335,8.350981176,4.78586643,4.78586643,4.828101292,2,0.352333333,219.9803333,2.407333333,45,4,26,97,268,2778,153,5,17,9,1,71,571,527,269,204,md-ar
CAR_p04o,CAR,open,-47.922067,-25.095685,23.64897,12,169,24,145,16.11111111,2.763756511,0.915816327,0.494949495,73.19,21,1,0.00063045,0.788873321,0.723571399,0.097585779,0.011400212,5.027367487,1912.689354,12006.84415,5364.065732,11.71093176,14.69259139,2,1,0,1,0,0,20,20,720,816,3.713572067,9.905535454,10.34456645,0.680732005,6.682811837,7.167338873,2,-0.090666667,111.017,-1.256666667,44,37,14,96,146,6585,93,25,6,7,27,82,652,323,473,204,md-ar
CAR_p04c,CAR,closed,-47.922061,-25.095662,22.005089,15,163,36,84,9.333333333,2.905791555,0.894458977,0.263194131,84.76,29,0,0.443300462,0.715999528,0.779254778,0.137830951,0.022969311,1.494863597,2832.236647,21435.65367,69745.40929,13.86468164,16.0722783,2,1,0,1,0,0,20,15,720,816,3.044522438,3.044522438,4.110873864,0.361013346,0.361013346,0.834797698,2,-0.115,181.5733333,3.392666667,4,36,11,117,94,7442,84,1,5,6,32,106,645,545,199,255,md-arg
CAR_p05o,CAR,open,-47.919731,-25.095462,17.537193,1,59,35,93,10.33333333,2.114447114,0.752807632,0.275092902,84.01,23,1,0.044390676,0.659483509,0.700475089,0.123730318,0.018643009,5.293355284,2023.551153,10376.29644,16319.12992,13.86281436,18.64896749,1,1,0,0,0,0,20,4,720,664,5.484796933,11.41023915,11.63739131,1.827350414,7.634577566,7.85118905,2,-0.393333333,356.085,1.494666667,48,39,2,109,183,4595,53,14,8,12,17,89,847,337,430,233,md-ar
CAR_p05c,CAR,closed,-47.919784,-25.095556,19.485991,3,323,22,171,19,2.784187568,0.896138983,0.190750298,80.03,27,0,0.006330827,0.681255205,0.634819533,0.046827813,0.006833888,1.095309349,1574.878994,9104.003361,10303.38357,6.634992137,12.29851581,2,1,0,1,0,0,20,11,720,448,5.398162702,5.398162702,5.812138499,2.009292241,2.009292241,2.571203241,2,-0.047333333,262.4436667,2.141333333,42,38,13,98,133,6486,98,28,5,7,24,85,591,505,292,203,md-ar
CAR_p08o,CAR,open,-47.930733,-25.097997,35.368107,1,222,27,176,19.55555556,2.699914566,0.855952996,0.203278668,90.81,25,2,0.001507678,0.621719549,0.399312936,0.020004043,0.001562595,0.499240336,1145.098906,7248.437452,2696.7176,16.43259762,12.04744031,1,1,0,0,0,0,20,1,720,824,4.110873864,13.85478992,13.85859655,0.822681233,10.25417727,10.25736462,2,-0.406666667,320.665,-1.389,52,47,31,111,279,606,196,10,18,13,2,8,1075,509,191,300,md-arg
CAR_p08c,CAR,closed,-47.930572,-25.098024,33.433784,1,225,35,181,20.11111111,2.237436341,0.817801654,0.198347954,90.78,24,2,0.015723994,0.741089708,0.637372021,0.066114585,0.009240583,1.825032185,1032.726393,10250.6998,3023.441987,14.05480153,14.35537471,1,1,0,0,0,0,20,9,720,824,0,0,3.713572067,0,0,1.133098465,2,-0.25,390.6636667,1.288,48,42,21,95,221,3226,103,4,12,9,1,74,578,559,160,281,md-arg
CAR_p09o,CAR,open,-47.932214,-25.10392,88.153687,20,239,31,198,22,2.291433957,0.74181206,0.153648659,61.89,20,1,0.000772447,0.731363139,0.547838648,0.058567617,0.004917692,1.41350014,600.4060347,8382.673693,4311.751261,13.8098217,16.35864061,2,1,0,1,0,0,20,8,720,824,3.713572067,11.98318531,11.99379279,0.615760517,8.372439148,8.382676489,2,-0.403333333,385.9436667,-2.888333333,51,44,27,103,262,2059,166,3,14,13,7,76,838,622,146,232,md-ar
CAR_p09c,CAR,closed,-47.93221,-25.104023,88.235954,23,218,40,151,16.77777778,2.345099211,0.790053068,0.09682869,67.76,29,19,0.384406933,0.812716652,0.669680936,0.091420666,0.01132404,2.001359321,879.9263582,8795.771585,4769.880695,13.02431271,18.21695752,1,0,0,1,0,0,20,0,720,448,0,0,3.044522438,0,0,0.719122667,2,-0.104,373.035,1.209,51,45,38,106,358,1364,111,1,29,9,6,68,754,448,215,337,md-arg
CAR_p10o,CAR,open,-47.932726,-25.106342,128.655914,10,240,24,226,25.11111111,1.58498867,0.552196726,0.221005606,72.6,27,5,2.95E-05,0.703316813,0.452505085,0.093607145,0.010060467,1.373535211,2128.379723,8283.210827,10395.98054,18.57557874,22.35508698,2,1,0,1,0,0,20,2,720,680,6.908754779,11.17044924,11.23586676,3.333169296,7.560038234,7.625222191,2,-0.028,183.0303333,1.102333333,46,4,15,99,152,5161,13,0,7,8,16,84,732,562,128,310,md-arg
CAR_p10c,CAR,closed,-47.932759,-25.10636,128.560699,17,240,29,87,9.666666667,2.382178832,0.811467829,0.077004258,72.61,34,10,0.380978393,0.75899502,0.60741381,0.096229734,0.011312566,0.896324177,2402.73166,8554.202036,3140.951339,20.74056685,24.74092435,2,1,0,1,0,0,20,0,720,296,0,0,3.713572067,0,0,0.732887509,2,-0.080666667,438.311,5.726,4,38,22,13,169,5319,136,1,1,12,25,108,928,446,215,339,md-arg
CAR_p11o,CAR,open,-47.933368,-25.108163,147.939743,19,277,32,118,13.11111111,2.426285794,0.823670645,0.17722517,60.51,23,2,0.000175501,0.797067571,0.578059306,0.098960998,0.015150853,3.047842505,723.9337212,4037.680065,10645.71335,15.68339323,21.51961071,2,1,0,1,0,0,20,5,720,664,5.564520407,12.61240738,12.63458457,1.894943706,8.93405585,8.9539653,2,0.484333333,350.8153333,3.963,49,44,39,141,277,22,204,12,28,11,11,102,1419,508,241,251,md-arg
CAR_p11c,CAR,closed,-47.9333,-25.108234,146.384399,22,253,32,119,13.22222222,2.992555883,0.919563344,0.388504464,60.47,25,3,0.19888749,0.85553124,0.600612149,0.108607727,0.016335808,1.835262249,2651.151388,10582.72705,11766.76348,19.36663381,19.78248442,2,1,0,1,0,0,20,1,720,664,0,0,0,0,0,0,2,-0.020666667,262.5226667,4.317,46,4,24,112,214,4286,84,1,16,8,18,88,905,447,243,310,md-arg
CAR_p12o,CAR,open,-47.931812,-25.107849,136.644623,21,112,24,86,9.555555556,2.231362918,0.749219563,0.166147994,66.59,21,2,1.08E-05,0.77827082,0.419409574,0.079966463,0.008817628,0.718696582,1059.709006,8610.23771,18381.00794,19.47691046,23.34184065,2,1,0,1,0,0,20,0,720,688,0,12.82126099,12.82129702,0,9.141966626,9.141995762,2,-0.216,313.5683333,3.59,5,45,4,121,331,909,183,3,28,12,4,81,995,557,154,289,md-arg
CAR_p12c,CAR,closed,-47.931814,-25.10781,136.438248,25,80,23,62,6.888888889,2.252434333,0.786371011,0.203522289,63.35,27,6,0.003381802,0.801305199,0.685791385,0.152603883,0.028258966,7.428747763,2464.593963,11750.24068,13111.48056,14.44670619,18.5725205,2,1,0,1,0,0,20,4,720,736,4.615120517,4.615120517,4.615120517,1.309063013,1.309063013,1.309063013,2,-0.145666667,220.2906667,2.099333333,48,43,37,133,278,1778,118,0,24,13,8,96,819,546,170,285,md-arg
CAR_p14o,CAR,open,-47.928964,-25.106099,187.9832,30,148,27,69,7.666666667,2.925033768,0.924081633,0.487853445,67.37,29,2,2.65E-05,0.812508481,0.616308349,0.128976416,0.019242311,7.408483175,1907.982936,10670.49677,9023.605055,15.53646498,17.78649568,1,1,0,0,0,0,20,15,720,840,0,14.90407285,14.90407285,0,11.93139903,11.93139903,2,-0.282666667,403.0236667,8.757,47,39,34,148,23,2273,18,0,24,1,1,114,1441,476,178,346,md-arg
CAR_p14c,CAR,closed,-47.929058,-25.106113,184.362885,32,109,34,70,7.777777778,3.168135206,0.938458307,0.477916081,66.33,28,5,0.084636818,0.794867282,0.721482269,0.093013374,0.013992094,3.519304338,1874.145023,14279.31778,37.61258014,13.61304602,14.96346544,2,1,0,0,0,0,20,0,720,840,3.713572067,3.713572067,3.995137912,0.732887509,0.732887509,0.89258862,2,-0.383666667,185.659,-0.960333333,44,38,29,132,22,383,81,0,15,14,18,103,812,370,267,362,arg
CAR_p15o,CAR,open,-47.926908,-25.10724,192.005157,8,32,27,120,13.33333333,2.877082155,0.915192508,0.436718928,70.61,24,1,0.00030507,0.992328513,0.605593999,0.119772471,0.017851338,2.569050595,851.989625,19629.35166,35230.88336,15.26418509,12.19383598,2,2,0,0,0,0,20,3,720,824,6.073812288,14.36388299,14.37739672,3.193747932,10.68757546,10.69878785,2,0.031,350.563,0.242666667,42,36,19,153,124,5366,16,0,13,6,22,134,1162,434,230,336,md-arg
CAR_p15c,CAR,closed,-47.926935,-25.107237,190.944687,25,102,29,62,6.888888889,2.71097677,0.899583333,0.343396766,70.02,27,3,0.001538045,0.992559976,0.602533106,0.111581002,0.018463687,4.037052593,3633.830641,13000.26788,12.88906055,16.31246549,17.27868554,2,1,1,0,0,0,20,12,720,808,4.110873864,4.110873864,4.679040035,1.404829011,1.404829011,1.813012676,2,-0.021666667,384.9426667,-1.304666667,42,38,32,14,229,3962,152,83,18,12,21,108,921,342,297,361,arg
ITA_p01o,ITA,open,-45.094332,-23.323956,998.777344,30,60,32,79,8.777777778,2.698258127,0.868383743,0.237432675,84.55,25,5,7.99E-05,0.81377949,0.595892293,0.078538309,0.009221787,2.176431538,952.1378227,12451.39662,6161.432207,10.22390898,14.6769518,2,1,0,1,0,0,20,20,720,1020,6.608000625,12.56108972,12.57064978,2.818080647,8.923472153,8.931208873,NA,NA,NA,NA,46,38,1,94,106,60,111,30,6,3,15,84,575,711,17,272,md-arg
ITA_p01c,ITA,closed,-45.094219,-23.323956,999.301819,25,85,30,92,10.22222222,2.880072495,0.899535331,0.3317916,71.38,17,2,0.017179071,0.642847272,0.675917661,0.115894583,0.013869854,0.216022928,7702.493734,12614.0641,23.33647435,22.23205064,18.72954579,2,1,0,1,0,0,20,20,720,924,5.252273428,4.510859507,5.442417711,1.781586442,1.196250758,1.944752742,NA,NA,NA,NA,44,39,7,94,74,7083,112,36,4,2,17,87,408,661,27,312,md-arg
ITA_p02o,ITA,open,-45.09526,-23.322808,990.020813,47,124,23,78,8.666666667,2.809885171,0.896778435,0.273272791,84.68,22,2,0.000343557,0.761800014,0.464323576,0.074495301,0.005345918,0.176429043,3659.103373,14218.89512,31.04044433,14.59278474,18.01183668,2,1,1,1,0,0,20,0,720,240,7.178545484,13.85088832,13.85224838,4.969234428,11.7468619,11.74822615,NA,NA,NA,NA,43,38,7,121,58,80,12,12,4,3,28,114,652,668,15,316,md-arg
ITA_p02c,ITA,closed,-45.095288,-23.322842,990.743896,47,157,30,101,11.22222222,2.369612503,0.840897951,0.322929936,84.07,27,8,0.00083077,0.871189567,0.529749795,0.113964659,0.013183437,0.214694175,3532.037358,13040.48545,20.84988891,20.02378634,20.46084711,2,1,0,1,0,0,20,0,720,468,0,0,0,0,0,0,NA,NA,NA,NA,41,37,8,114,7,7714,114,25,4,3,27,106,584,638,97,265,md-arg
ITA_p04o,ITA,open,-45.0852,-23.321763,988.862732,10,327,25,120,13.33333333,2.62352413,0.874095989,0.329896907,60.68,32,8,0.001572572,0.804009603,0.704269833,0.085519072,0.011056592,0.217169036,4441.716374,11817.40328,16515.24255,15.34969856,15.95874846,1,0,0,1,0,0,20,20,720,996,4.795790546,15.53202929,15.55315011,1.267846211,11.90334898,11.92523037,NA,NA,NA,NA,45,39,9,91,99,8364,171,25,5,3,46,82,61,755,30,215,md-ar
ITA_p04c,ITA,closed,-45.085317,-23.321675,986.783142,5,290,27,80,8.888888889,2.15225909,0.725277778,0.134816313,85.72,30,4,0.001749197,0.860686098,0.530927409,0.079372618,0.008974497,0.226808636,3040.322604,13145.17996,21.41643537,13.5115627,16.4804042,2,1,0,1,0,0,20,20,720,0,0,0,0,0,0,0,NA,NA,NA,NA,47,4,13,93,14,4583,186,7,9,4,11,8,536,827,20,154,md-ar
ITA_p06o,ITA,open,-45.087303,-23.317256,1010.29,20,320,27,113,12.55555556,2.548068107,0.865354426,0.275070586,79.38,28,11,0.009276171,0.818939912,0.56456244,0.078169644,0.007634565,0.193904314,570.2193523,16662.88785,22802.17673,14.43864396,16.66258656,2,1,1,1,0,0,20,20,720,456,0,14.33430495,14.33430495,0,10.69674081,10.69674081,NA,NA,NA,NA,47,4,13,114,114,5357,148,13,1,3,15,101,896,695,72,234,md-ar
ITA_p06c,ITA,closed,-45.087253,-23.317317,1010.29,4,205,26,91,10.11111111,2.557785894,0.879160467,0.318286056,71.67,30,7,0.017504641,0.825381186,0.670321086,0.117046313,0.015862491,2.033512737,932.8196035,8398.630668,22.72093346,18.91821514,20.94611746,2,1,0,1,0,0,20,0,720,0,0,0,0,0,0,0,NA,NA,NA,NA,47,41,27,144,188,3571,143,7,18,9,15,117,896,689,76,235,md-ar
ITA_p08o,ITA,open,-45.083032,-23.318733,1024.32,30,117,29,90,10,2.870940698,0.914399093,0.401188295,64.04,40,4,3.48E-05,0.709706613,0.495546627,0.067716964,0.008030366,0.222012196,1087.343717,10057.89133,30141.52533,12.57460461,14.64790976,2,1,1,1,0,0,20,20,720,792,5.303304908,0,7.832410927,1.954530892,0,4.348516856,NA,NA,NA,NA,46,39,6,116,52,8065,133,6,3,3,25,11,767,623,55,322,md-arg
ITA_p08c,ITA,closed,-45.082997,-23.318646,1027.61,36,124,26,85,9.444444444,2.586145243,0.877283951,0.313418975,71.9,34,12,0.001402465,0.656921021,0.773933786,0.117570651,0.014613633,0.234241598,644.2198516,13911.80143,33481.60471,17.50022414,18.85501364,2,1,1,0,0,0,20,0,720,972,7.372118028,7.163172391,7.6666902,3.659891917,3.456767233,3.952440523,NA,NA,NA,NA,45,39,8,108,74,7333,69,13,4,4,22,10,623,596,87,317,md-arg
ITA_p10o,ITA,open,-45.082388,-23.314296,1068.85,10,45,12,76,8.444444444,1.892198397,0.753864447,0.338566828,76.58,31,7,NA,NA,NA,0.022581158,0.000573647,0.133666667,5672.32597,11641.86667,23.57233333,26.17226087,29.93150375,2,0,1,0,1,0,20,20,720,840,7.601402335,13.11594482,13.12380434,4.182296357,9.650562949,9.658672112,NA,NA,NA,NA,51,41,18,14,129,4194,217,2,13,5,13,122,1124,666,98,235,md-ar
ITA_p10c,ITA,closed,-45.082248,-23.314323,1069.82,23,23,17,29,3.222222222,1.815884019,0.721952909,0.211559593,86.46,28,5,1.63E-08,0.749829025,0.777278111,0.004124622,2.36E-05,0.198148263,114.6741564,8194.537075,26.97122828,5.099205143,11.65381429,1,1,1,0,0,0,20,20,720,564,0,0,0,0,0,0,NA,NA,NA,NA,47,39,18,144,125,6087,159,14,13,5,28,126,87,687,79,234,md-ar
ITA_p12o,ITA,open,-45.079412,-23.311287,1088.23,25,260,13,49,5.444444444,2.268511223,0.866863905,0.577777778,89.59,38,9,0.000819121,0.697046525,0.568721534,0.082642508,0.007610272,0.190631306,2143.054547,13674.13888,28525.40692,13.33666804,17.04159113,2,1,1,1,0,0,20,0,720,1032,6.73459166,14.91430316,15.02270248,2.937697381,11.13540418,11.24938713,NA,NA,NA,NA,48,39,7,95,74,7879,84,0,4,3,26,88,568,646,43,311,md-arg
ITA_p12c,ITA,closed,-45.079413,-23.311364,1088.24,12,348,18,26,2.888888889,2.362201626,0.853810912,0.380025324,89.68,30,7,NA,NA,NA,0.09009754,0.008117567,0.185875,1357.860768,6421.985294,22.58481162,21.12834893,20.70975188,1,0,0,0,0,0,20,0,720,1020,7.01301579,7.01301579,7.259116128,3.242540093,3.242540093,3.495358291,NA,NA,NA,NA,43,36,7,145,48,8158,111,13,4,3,31,138,706,660,30,310,md-arg
ITA_p14o,ITA,open,-45.074988,-23.310486,1066.75,35,38,21,233,25.88888889,1.733702567,0.652777778,0.137142857,82.52,26,3,0.000936971,0.762612411,0.722641378,0.090185407,0.0116898,1.751767568,2955.10049,19196.98035,28549.06357,15.74613748,13.87381049,2,1,0,1,0,0,20,20,720,1032,5.017279837,13.37723968,13.48540243,1.522634816,9.58284045,9.704965689,NA,NA,NA,NA,46,42,33,119,277,2667,103,7,25,8,12,86,847,608,101,291,md-arg
ITA_p14c,ITA,closed,-45.074968,-23.310471,1065.73,10,50,23,120,13.33333333,1.109835429,0.379155998,0.070030895,91.65,23,2,0.01464662,0.929436317,0.551115947,0.111787963,0.016130527,1.852716125,2095.948414,11996.50127,14293.60341,12.5965045,18.34924079,2,1,1,1,0,0,20,0,720,828,7.771067086,7.771067086,7.852050207,4.367498534,4.367498534,4.437813025,NA,NA,NA,NA,46,41,33,126,262,2979,128,0,24,9,14,93,754,703,22,275,md-arg
ITA_p15o,ITA,open,-45.072431,-23.310436,1078.85,35,310,27,91,10.11111111,2.501861502,0.827932099,0.215246637,62.19,18,3,4.72E-07,0.775845751,0.70517391,0.038746104,0.001606359,0.213666059,533.8248408,8827.080761,19.01001362,8.599660404,14.54936741,2,1,0,1,0,0,20,20,720,468,4.615120517,12.75130259,12.76325977,1.270912287,9.087851087,9.099806956,NA,NA,NA,NA,47,4,9,87,103,6786,133,1,4,5,19,78,565,591,137,272,md-arg
ITA_p15c,ITA,closed,-45.072363,-23.310361,1080.55,10,330,21,72,8,2.066868313,0.760053134,0.198456635,82.6,17,0,0.000824918,0.456328861,0.76021652,0.089781792,0.008280794,0.171774194,993.0621613,3539.071549,22.28482508,18.64038656,22.44225876,2,1,1,1,0,0,20,0,720,1008,6.928537818,6.928537818,7.340186835,3.164067588,3.164067588,3.567484133,NA,NA,NA,NA,46,4,19,91,209,4571,109,1,8,11,16,72,536,650,79,271,md-arg
VGM_p01o,VGM,open,-45.239825,-23.443689,807.727356,NA,NA,15,59,6.555555556,2.369644737,0.870523416,0.514893617,63.82,27,2,4.25E-06,0.830726485,0.743395538,0.051817873,0.003757957,0.259329703,2714.093492,4244.57449,27.06803343,12.09456914,13.44960184,2,1,1,0,0,0,20,0,720,1008,5.707110265,12.61254058,12.9015945,2.044850692,9.001572508,9.23574741,NA,NA,NA,NA,41,35,5,103,49,8387,54,17,2,3,26,98,488,641,105,254,md-arg
VGM_p01c,VGM,closed,-45.239552,-23.443716,806.329163,NA,NA,18,33,3.666666667,2.169812574,0.822752083,0.31343418,68.03,25,3,0.001421162,0.896424173,0.484973824,0.141945728,0.0226761,5.479536391,2506.688657,7084.177778,19.70211111,19.98710145,22.47264782,2,0,1,1,0,0,20,3,720,1008,6.938284484,6.836259277,7.090909822,3.154121064,3.058931125,3.291268699,NA,NA,NA,NA,43,37,9,129,7,7097,133,32,5,3,22,12,645,653,41,306,md-arg
VGM_p04o,VGM,open,-45.233723,-23.43636,761.651245,NA,NA,36,170,18.88888889,2.819864057,0.889283241,0.250890453,69.14,28,0,3.08E-05,0.787808161,0.588506884,0.09110223,0.013011433,1.221854996,1839.799183,11099.90727,33035.07274,10.48034232,13.20861005,2,1,1,0,0,0,20,7,720,1032,8.653645315,12.84879721,12.86144267,4.929579465,9.184529654,9.195192006,NA,NA,NA,NA,48,4,8,84,95,68,84,1,4,4,17,76,549,606,165,229,md-ar
VGM_p04c,VGM,closed,-45.233621,-23.436282,759.187561,NA,NA,43,152,16.88888889,3.187150661,0.937301038,0.370912264,67.44,30,1,0.005002792,0.760704417,0.561409018,0.077405435,0.009031482,0.901120084,771.1088796,5749.940865,2949.063619,13.94307734,17.34334848,1,1,1,0,0,0,20,20,720,0,0,0,0,0,0,0,NA,NA,NA,NA,48,41,13,113,115,5667,148,48,5,7,17,10,674,557,132,312,md-arg
VGM_p05o,VGM,open,-45.229778,-23.43515,777.09613,NA,NA,33,195,21.66666667,3.035204438,0.924168975,0.399612564,71.65,33,4,0.008521194,0.775007719,0.553378696,0.085619676,0.008066505,0.844694912,5379.598927,10953.38124,5919.489186,15.89812756,17.91326983,1,1,1,0,0,0,20,1,720,1068,7.863651265,7.003974137,11.91489112,4.036417035,3.207135443,8.1718375,NA,NA,NA,NA,43,41,7,97,72,8056,47,5,2,5,29,9,597,560,155,285,md-arg
VGM_p05c,VGM,closed,-45.229664,-23.434967,773.427124,NA,NA,42,76,8.444444444,2.799717782,0.884786325,0.206655362,70.25,40,9,0.198986872,0.760106172,0.803698039,0.098238834,0.011078664,0.506430083,8179.262534,8910.479736,21.59267883,23.48861817,16.23976722,1,1,1,0,0,0,20,1,720,1068,7.570958583,5.484796933,7.659642955,3.744233641,1.809334614,3.838613098,NA,NA,NA,NA,49,39,1,12,83,697,47,0,3,7,23,11,706,562,105,333,md-arg
VGM_p06o,VGM,open,-45.226462,-23.434212,777.639526,NA,NA,43,102,11.33333333,2.69740573,0.838384176,0.143895649,78.2,24,7,0.000253542,0.721776355,0.677249195,0.073981286,0.006218271,0.20429134,706.6071322,5643.745012,24.8932827,16.88158045,17.3266181,2,1,1,0,0,0,20,20,720,0,0,0,0,0,0,0,NA,NA,NA,NA,45,39,8,75,107,68,59,4,2,6,17,67,549,640,80,280,md-arg
VGM_p06c,VGM,closed,-45.226397,-23.434284,778.063171,NA,NA,35,173,19.22222222,3.048849604,0.928489043,0.399539171,76.3,41,13,0.009664885,0.799619546,0.693325561,0.11339961,0.01549508,0.787871163,848.3761699,16356.23431,62128.65174,17.52453125,17.07441729,1,1,1,0,0,0,20,20,720,1056,7.444833274,6.23636959,7.512617545,3.623711086,2.480268684,3.691173137,NA,NA,NA,NA,45,4,6,74,81,7143,84,13,2,4,15,68,51,610,136,254,md-arg
VGM_p07o,VGM,open,-45.223578,-23.434383,787.052307,5,289,24,109,12.11111111,2.569420366,0.889769126,0.377994524,69.23,23,12,2.37E-05,0.687336019,0.605658972,0.08885614,0.010351751,0.227019221,968.9716835,14778.86499,47047.55769,12.35968961,15.05836395,2,1,1,0,0,0,20,20,720,468,6.042632834,4.795790546,6.84694314,2.465488564,1.405342556,3.222969996,NA,NA,NA,NA,42,36,1,143,7,7436,66,0,3,7,29,133,658,626,117,257,md-arg
VGM_p07c,VGM,closed,-45.223619,-23.434314,786.743164,5,132,27,94,10.44444444,2.787977781,0.913222793,0.42680605,74.26,22,7,0.002749931,0.77545037,0.574452666,0.075558342,0.007803122,0.20438936,1860.197107,4996.098763,21.18536267,15.48218895,15.04675246,1,1,1,0,0,0,20,20,720,972,7.01301579,6.918695219,8.314097335,3.375597764,3.283826349,4.657373323,NA,NA,NA,NA,45,37,9,138,65,7429,67,24,3,5,26,129,1018,739,57,204,md-ar
VGM_p08o,VGM,open,-45.22087,-23.434813,796.220947,20,223,33,116,12.88888889,2.755029889,0.8816,0.255937756,69.17,16,1,0.023285188,0.805580833,0.607665134,0.075151502,0.006640346,0.174191831,653.9597924,9961.719503,5565.309892,15.48992427,17.12648665,1,1,1,0,0,0,20,20,720,1008,3.433987204,3.433987204,10.09000861,0.570544858,0.570544858,6.285488646,NA,NA,NA,NA,41,35,4,56,71,8095,33,2,2,2,17,52,433,794,30,176,md-ar
VGM_p08c,VGM,closed,-45.220824,-23.43486,797.138916,15,105,33,100,11.11111111,2.879261231,0.915576694,0.358941528,69.29,23,1,0.334761614,0.791049261,0.684488908,0.104491339,0.012947821,0.236036684,605.107567,15389.9953,46534.75634,16.24476521,17.58970656,2,1,1,0,0,0,20,20,720,1032,7.139660336,7.139660336,7.8559322,3.353200683,3.353200683,4.125787192,NA,NA,NA,NA,4,36,6,85,71,7857,52,33,2,3,22,79,501,688,82,230,md-ar
VGM_p09o,VGM,open,-45.218075,-23.434033,799.570557,2,289,28,202,22.44444444,2.653096318,0.887699121,0.318023207,72.41,32,13,6.14E-06,0.800992794,0.423915894,0.05040061,0.003755502,0.168992307,477.2600423,12245.62824,7393.435185,13.58906862,15.18717165,2,1,1,1,0,0,20,20,720,0,0,0,0,0,0,0,NA,NA,NA,NA,43,38,7,94,74,7742,72,20,2,4,24,87,562,729,68,203,md-ar
VGM_p09c,VGM,closed,-45.218086,-23.43404,800.055054,5,305,39,123,13.66666667,2.862026598,0.910057837,0.285083491,66.78,29,11,0.012379396,0.663202511,0.806931883,0.074488057,0.010242489,1.837845499,584.5678537,11285.36736,12557.31896,11.03299523,16.04589528,1,1,1,0,0,0,20,20,720,996,7.719129841,7.409136444,7.846198815,3.963872089,3.664189027,4.088753983,NA,NA,NA,NA,42,38,3,53,57,8421,77,24,1,1,16,5,331,883,17,100,ar
VGM_p10o,VGM,open,-45.216856,-23.434663,796.001404,20,150,16,102,11.33333333,2.326100436,0.876951331,0.507929104,72.64,47,4,6.96E-07,0.83928133,0.716128712,0.063518592,0.005152002,0.213583333,99.09334225,6425.85818,9613.136685,10.88038889,11.18950769,2,1,1,1,0,0,20,8,720,660,4.615120517,0,4.615120517,2.494123305,0,2.494123305,NA,NA,NA,NA,44,38,9,8,113,6786,109,11,4,5,19,71,443,801,48,151,md-ar
VGM_p10c,VGM,closed,-45.216782,-23.434563,793.089966,108,150,26,66,7.333333333,2.600971099,0.859669358,0.274077977,73.16,50,12,0.011679874,0.730365739,0.709941914,0.079372787,0.009728023,0.206788739,532.1773622,6610.343364,22.52463301,15.64876272,14.9899547,2,1,1,1,0,0,20,20,720,1032,8.276649125,7.664346632,8.378160983,4.459390171,3.856602211,4.567287707,NA,NA,NA,NA,45,39,7,69,101,6316,144,17,4,3,12,62,356,842,32,125,ar
VGM_p11o,VGM,open,-45.214577,-23.435393,802.296753,3,258,24,137,15.22222222,1.874662383,0.712380952,0.14486755,68.91,34,6,3.86E-06,0.871673969,0.805670198,0.045447809,0.003397258,0.227923353,225.8345039,5859.998648,4817.78776,10.74411531,13.19257761,2,1,1,2,0,0,20,20,720,996,8.57753542,7.654917048,9.902537101,4.736011794,3.826326045,6.124939422,NA,NA,NA,NA,43,36,6,109,55,80,177,8,3,3,24,103,645,741,107,152,md-ar
VGM_p11c,VGM,closed,-45.21459,-23.435386,798.654907,3,259,34,210,23.33333333,2.936170271,0.919494912,0.365340445,64.96,31,6,0.01117973,0.699326186,0.608869617,0.085580724,0.010919184,0.244271976,937.803362,5791.966312,9914.803366,11.1239602,15.83571351,2,1,1,1,0,0,20,20,720,960,8.22977775,7.409136444,8.243019469,4.551241844,3.743604354,4.564348191,NA,NA,NA,NA,47,38,4,79,51,8261,103,15,2,2,19,75,51,786,63,152,md-ar
VGM_p12o,VGM,open,-45.212231,-23.43479,794.839539,3,53,32,75,8.333333333,3.146773811,0.942273358,0.541344502,72.53,30,10,0.000371992,0.810633832,0.463353993,0.03794442,0.003226968,0.207736175,720.3337638,8038.94771,21.70980822,9.704995686,14.28276052,2,1,1,1,0,0,20,19,720,840,8.140607043,7.948385285,9.628458426,4.781438979,4.590931363,6.168267329,NA,NA,NA,NA,43,39,7,12,58,80,192,1,4,3,28,113,632,433,254,314,md-arg
VGM_p12c,VGM,closed,-45.212228,-23.434807,793.065918,3,137,29,71,7.888888889,2.940318751,0.915911111,0.410075089,66.27,34,17,0.142680444,0.84882467,0.730304352,0.090793423,0.010880614,0.859122782,750.480879,9507.464351,22.6979202,14.15141332,16.8805994,2,1,1,0,0,0,20,20,720,564,7.908754739,7.791935957,7.916078096,4.075371378,3.960610515,4.082573426,NA,NA,NA,NA,43,39,7,103,68,7813,164,1,4,3,25,96,597,529,211,260,md-arg
VGM_p14o,VGM,open,-45.209051,-23.432274,796.607544,3,48,26,88,9.777777778,1.864895153,0.63920989,0.106603638,71.64,41,10,1.24E-05,0.807246729,0.657715584,0.074852289,0.008722788,0.187467602,1970.906054,8032.774391,12502.9868,15.9858803,17.66464355,3,1,1,1,0,0,20,15,720,300,7.252053952,11.92775327,12.01606765,4.050044303,8.709035944,8.797336922,NA,NA,NA,NA,45,39,1,122,82,697,177,5,6,4,23,112,706,516,224,260,md-arg
VGM_p14c,VGM,closed,-45.209074,-23.43222,796.303101,4,40,22,122,13.55555556,2.511383058,0.883522727,0.390243902,64.85,42,10,0.003658214,0.657205316,0.620872931,0.085571131,0.008612838,0.209023566,993.6698507,6226.248077,24.25142988,13.0562848,16.3575162,3,1,1,1,0,0,20,5,720,12,4.110873864,4.110873864,4.110873864,4.110873864,4.110873864,4.110873864,NA,NA,NA,NA,45,39,9,111,81,7188,178,19,5,4,23,102,668,547,167,285,md-arg
VGM_p15o,VGM,open,-45.207126,-23.431526,794.60376,22,117,13,89,9.888888889,1.939315733,0.773333333,0.339366516,67.45,27,6,3.28E-06,0.805706773,0.755326131,0.07236435,0.006643579,0.205734738,1780.153006,5775.104175,24.06240645,14.86154973,18.2376429,3,1,1,2,0,0,20,20,720,96,8.155074888,8.155074888,8.22977775,6.077642243,6.077642243,6.152200638,NA,NA,NA,NA,46,38,1,123,81,7059,162,0,4,6,24,113,722,659,60,281,md-arg
VGM_p15c,VGM,closed,-45.207126,-23.431558,794.068726,8,122,29,75,8.333333333,2.925096199,0.927155662,0.473375964,67.61,34,17,0.007435959,0.72432976,0.619528396,0.079302899,0.007742584,0.209794956,6742.298172,10863.77177,23.06516767,17.57552643,12.99186797,3,1,1,1,0,0,20,20,720,408,8.621733371,8.621733371,10.83073801,5.10130012,5.10130012,7.305030075,NA,NA,NA,NA,44,37,1,118,85,7222,13,21,4,5,26,108,713,495,220,286,md-arg
